,Year,Week,Day,Base_Team,Opp,Home,After_Bye,Wins Tally,PF Tally,PA Tally,OPassY Tally,ORushY Tally,OTotYd Tally,TO_lost Tally,DPassY Tally,DRushY Tally,DTotYd Tally,TO_won Tally,Head_Coach,OC,DC,QB,Results
28,2019,14,Sun,49ers,Saints,0.0,0,10.0,349.0,183.0,2760.0,1776.0,4536.0,18.0,1611.0,1400.0,3011.0,24.0,Kyle Shanahan,Kyle Shanahan,Robert Saleh,Jimmy Garoppolo,1.0
44,2018,14,Sun,49ers,Broncos,1.0,0,2.0,255.0,336.0,2809.0,1550.0,4359.0,25.0,2887.0,1298.0,4185.0,5.0,Kyle Shanahan,Kyle Shanahan,Robert Saleh,Jimmy Garoppolo,1.0
60,2017,14,Sun,49ers,Texans,0.0,0,2.0,202.0,298.0,2718.0,1209.0,3927.0,18.0,2776.0,1487.0,4263.0,13.0,Kyle Shanahan,Kyle Shanahan,Robert Saleh,Brian Hoyer,1.0
76,2016,14,Sun,49ers,Jets,1.0,0,1.0,234.0,370.0,2186.0,1532.0,3718.0,20.0,2963.0,2032.0,4995.0,16.0,Chip Kelly,Curtis Modkins,Jim O'Neil,Blaine Gabbert,0.0
92,2015,14,Sun,49ers,Browns,0.0,0,4.0,178.0,291.0,2352.0,1189.0,3541.0,11.0,3239.0,1502.0,4741.0,9.0,Jim Tomsula,Geep Chryst,Eric Mangini,Colin Kaepernick,0.0
108,2014,14,Sun,49ers,Raiders,0.0,0,7.0,231.0,244.0,2526.0,1378.0,3904.0,17.0,2501.0,1179.0,3680.0,22.0,Jim Harbaugh,Greg Roman,Vic Fangio,Colin Kaepernick,0.0
124,2013,14,Sun,49ers,Seahawks,1.0,0,8.0,297.0,197.0,2163.0,1569.0,3732.0,17.0,2474.0,1266.0,3740.0,23.0,Jim Harbaugh,Greg Roman,Vic Fangio,Colin Kaepernick,1.0
140,2012,14,Sun,49ers,Dolphins,1.0,0,8.0,289.0,171.0,2415.0,1945.0,4360.0,12.0,2268.0,1087.0,3355.0,17.0,Jim Harbaugh,Greg Roman,Vic Fangio,Alex Smith,1.0
156,2011,14,Sun,49ers,Cardinals,0.0,0,10.0,288.0,161.0,2224.0,1560.0,3784.0,10.0,2779.0,862.0,3641.0,28.0,Jim Harbaugh,Greg Roman,Vic Fangio,Alex Smith,0.0
172,2010,14,Sun,49ers,Seahawks,1.0,0,4.0,203.0,259.0,2476.0,1316.0,3792.0,20.0,2678.0,1217.0,3895.0,14.0,Mike Singletary,Jimmy Raye,Greg Manusky,Alex Smith,1.0
204,2019,14,Sun,Rams,Seahawks,1.0,0,7.0,283.0,250.0,3305.0,1130.0,4435.0,20.0,2674.0,1250.0,3924.0,16.0,Sean McVay,Sean McVay,Wade Phillips,Jared Goff,1.0
220,2018,14,Sun,Rams,Bears,0.0,0,11.0,419.0,298.0,3606.0,1673.0,5279.0,11.0,2987.0,1421.0,4408.0,22.0,Sean McVay,Sean McVay,Wade Phillips,Jared Goff,0.0
236,2017,14,Sun,Rams,Eagles,1.0,0,9.0,361.0,222.0,3090.0,1382.0,4472.0,15.0,2527.0,1474.0,4001.0,21.0,Sean McVay,Matt LaFleur,Wade Phillips,Jared Goff,0.0
252,2016,14,Sun,Rams,Falcons,1.0,0,4.0,180.0,262.0,2458.0,950.0,3408.0,19.0,2772.0,1368.0,4140.0,13.0,Jeff Fisher,Rob Boras,Gregg Williams,Case Keenum,0.0
268,2015,14,Sun,Rams,Lions,1.0,0,4.0,189.0,257.0,2136.0,1420.0,3556.0,20.0,2879.0,1396.0,4275.0,19.0,Jeff Fisher,Rob Boras,Gregg Williams,Nick Foles,1.0
284,2014,14,Sun,Rams,Washington,0.0,0,5.0,261.0,285.0,2507.0,1287.0,3794.0,19.0,2943.0,1335.0,4278.0,21.0,Jeff Fisher,Brian Schottenheimer,Gregg Williams,Shaun Hill,1.0
300,2013,14,Sun,Rams,Cardinals,0.0,0,5.0,279.0,278.0,2517.0,1366.0,3883.0,15.0,2972.0,1308.0,4280.0,23.0,Jeff Fisher,Brian Schottenheimer,Tim Walton,Sam Bradford,0.0
316,2012,14,Sun,Rams,Bills,0.0,0,5.0,221.0,267.0,2550.0,1381.0,3931.0,16.0,2715.0,1373.0,4088.0,14.0,Jeff Fisher,Brian Schottenheimer,Jeff Fisher,Sam Bradford,1.0
332,2011,14,Mon,Rams,Seahawks,0.0,0,2.0,140.0,296.0,2225.0,1183.0,3408.0,20.0,2501.0,1893.0,4394.0,15.0,Steve Spagnuolo,Josh McDaniels,Ken Flajole,Sam Bradford,0.0
348,2010,14,Sun,Rams,Saints,0.0,0,6.0,232.0,237.0,2510.0,1266.0,3776.0,14.0,2754.0,1242.0,3996.0,19.0,Steve Spagnuolo,Pat Shurmur,Ken Flajole,Sam Bradford,0.0
380,2019,14,Sun,Chargers,Jaguars,0.0,0,4.0,244.0,241.0,3290.0,1069.0,4359.0,22.0,2392.0,1319.0,3711.0,12.0,Anthony Lynn,Ken Whisenhunt,Gus Bradley,Philip Rivers,1.0
396,2018,14,Sun,Chargers,Bengals,1.0,0,9.0,340.0,249.0,3291.0,1502.0,4793.0,10.0,2771.0,1248.0,4019.0,15.0,Anthony Lynn,Ken Whisenhunt,Gus Bradley,Philip Rivers,1.0
412,2017,14,Sun,Chargers,Washington,1.0,0,6.0,268.0,212.0,3238.0,1119.0,4357.0,10.0,2468.0,1557.0,4025.0,21.0,Anthony Lynn,Ken Whisenhunt,Gus Bradley,Philip Rivers,1.0
428,2016,14,Sun,Chargers,Panthers,0.0,0,5.0,334.0,319.0,3197.0,1216.0,4413.0,25.0,3252.0,1069.0,4321.0,24.0,Mike McCoy,Ken Whisenhunt,John Pagano,Philip Rivers,0.0
444,2015,14,Sun,Chargers,Chiefs,0.0,0,3.0,247.0,324.0,3575.0,992.0,4567.0,19.0,2952.0,1495.0,4447.0,11.0,Mike McCoy,Frank Reich,John Pagano,Philip Rivers,0.0
460,2014,14,Sun,Chargers,Patriots,1.0,0,8.0,279.0,249.0,3106.0,1048.0,4154.0,14.0,2659.0,1322.0,3981.0,13.0,Mike McCoy,Frank Reich,John Pagano,Philip Rivers,0.0
476,2013,14,Sun,Chargers,Giants,1.0,0,5.0,279.0,277.0,3509.0,1310.0,4819.0,16.0,3237.0,1413.0,4650.0,11.0,Mike McCoy,Ken Whisenhunt,John Pagano,Philip Rivers,1.0
492,2012,14,Sun,Chargers,Steelers,0.0,0,4.0,258.0,257.0,2725.0,1140.0,3865.0,24.0,2887.0,1134.0,4021.0,22.0,Norv Turner,Hal Hunter,John Pagano,Philip Rivers,1.0
508,2011,14,Sun,Chargers,Bills,1.0,0,5.0,287.0,289.0,3331.0,1348.0,4679.0,24.0,2435.0,1580.0,4015.0,15.0,Norv Turner,Clarence Shelmon,Greg Manusky,Philip Rivers,1.0
524,2010,14,Sun,Chargers,Chiefs,1.0,0,6.0,323.0,253.0,3502.0,1267.0,4769.0,24.0,2235.0,1143.0,3378.0,19.0,Norv Turner,Clarence Shelmon,Ron Rivera,Philip Rivers,1.0
556,2019,14,Sun,Seahawks,Rams,0.0,0,10.0,329.0,293.0,2959.0,1724.0,4683.0,17.0,3232.0,1195.0,4427.0,27.0,Pete Carroll,Brian Schottenheimer,Ken Norton,Russell Wilson,0.0
572,2018,14,Mon,Seahawks,Vikings,1.0,0,7.0,319.0,259.0,2453.0,1786.0,4239.0,9.0,3008.0,1401.0,4409.0,20.0,Pete Carroll,Brian Schottenheimer,Ken Norton,Russell Wilson,1.0
588,2017,14,Sun,Seahawks,Jaguars,0.0,0,8.0,290.0,222.0,3071.0,1233.0,4304.0,12.0,2674.0,1180.0,3854.0,19.0,Pete Carroll,Darrell Bevell,Kris Richard,Russell Wilson,0.0
604,2016,14,Sun,Seahawks,Packers,0.0,0,8.0,264.0,194.0,3077.0,1218.0,4295.0,10.0,2772.0,1191.0,3963.0,16.0,Pete Carroll,Darrell Bevell,Kris Richard,Russell Wilson,0.0
620,2015,14,Sun,Seahawks,Ravens,0.0,0,7.0,305.0,229.0,2786.0,1759.0,4545.0,12.0,2646.0,1053.0,3699.0,17.0,Pete Carroll,Darrell Bevell,Kris Richard,Russell Wilson,1.0
636,2014,14,Sun,Seahawks,Eagles,0.0,0,8.0,298.0,221.0,2309.0,2023.0,4332.0,9.0,2393.0,1036.0,3429.0,18.0,Pete Carroll,Darrell Bevell,Dan Quinn,Russell Wilson,1.0
652,2013,14,Sun,Seahawks,49ers,0.0,0,11.0,340.0,186.0,2618.0,1754.0,4372.0,15.0,2128.0,1286.0,3414.0,27.0,Pete Carroll,Darrell Bevell,Dan Quinn,Russell Wilson,0.0
668,2012,14,Sun,Seahawks,Cardinals,1.0,0,7.0,242.0,202.0,2247.0,1696.0,3943.0,16.0,2441.0,1327.0,3768.0,17.0,Pete Carroll,Darrell Bevell,Gus Bradley,Russell Wilson,1.0
684,2011,14,Mon,Seahawks,Rams,1.0,0,5.0,216.0,246.0,2333.0,1249.0,3582.0,19.0,2834.0,1244.0,4078.0,23.0,Pete Carroll,Darrell Bevell,Gus Bradley,Tarvaris Jackson,1.0
700,2010,14,Sun,Seahawks,49ers,0.0,0,6.0,240.0,289.0,2645.0,1018.0,3663.0,22.0,3217.0,1455.0,4672.0,20.0,Pete Carroll,Jeremy Bates,Gus Bradley,Matt Hasselbeck,0.0
732,2019,14,Sun,Cardinals,Steelers,1.0,0,3.0,255.0,351.0,2612.0,1369.0,3981.0,9.0,3690.0,1426.0,5116.0,12.0,Kliff Kingsbury,Kliff Kingsbury,Vance Joseph,Kyler Murray,0.0
748,2018,14,Sun,Cardinals,Lions,1.0,0,3.0,175.0,310.0,1840.0,1032.0,2872.0,22.0,2645.0,1691.0,4336.0,13.0,Steve Wilks,Mike McCoy,Al Holcomb,Josh Rosen,0.0
764,2017,14,Sun,Cardinals,Titans,1.0,0,5.0,219.0,310.0,3012.0,919.0,3931.0,20.0,2770.0,1192.0,3962.0,15.0,Bruce Arians,Harold Goodwin,James Bettcher,Carson Palmer,1.0
780,2016,14,Sun,Cardinals,Dolphins,0.0,0,5.0,276.0,251.0,3166.0,1263.0,4429.0,19.0,2392.0,1175.0,3567.0,20.0,Bruce Arians,Harold Goodwin,James Bettcher,Carson Palmer,0.0
796,2015,14,Thu,Cardinals,Vikings,1.0,0,10.0,382.0,232.0,3592.0,1442.0,5034.0,19.0,2734.0,1068.0,3802.0,22.0,Bruce Arians,Harold Goodwin,James Bettcher,Carson Palmer,1.0
812,2014,14,Sun,Cardinals,Chiefs,1.0,0,9.0,258.0,224.0,2966.0,897.0,3863.0,13.0,3159.0,1071.0,4230.0,21.0,Bruce Arians,Harold Goodwin,Todd Bowles,Drew Stanton,1.0
828,2013,14,Sun,Cardinals,Rams,1.0,0,7.0,275.0,247.0,2958.0,1066.0,4024.0,24.0,2796.0,999.0,3795.0,23.0,Bruce Arians,Harold Goodwin,Todd Bowles,Carson Palmer,1.0
844,2012,14,Sun,Cardinals,Seahawks,0.0,0,4.0,186.0,234.0,2371.0,978.0,3349.0,20.0,2353.0,1543.0,3896.0,27.0,Ken Whisenhunt,Mike Miller,Ray Horton,John Skelton,0.0
860,2011,14,Sun,Cardinals,49ers,1.0,0,5.0,232.0,269.0,2494.0,1306.0,3800.0,23.0,3013.0,1433.0,4446.0,15.0,Ken Whisenhunt,Mike Miller,Ray Horton,Kevin Kolb,1.0
876,2010,14,Sun,Cardinals,Seahawks,0.0,0,4.0,186.0,234.0,2371.0,978.0,3349.0,20.0,2353.0,1543.0,3896.0,27.0,Ken Whisenhunt,Mike Miller,Ray Horton,Derek Anderson,0.0
908,2019,14,Sun,Packers,Washington,1.0,0,9.0,289.0,255.0,2863.0,1217.0,4080.0,8.0,3045.0,1476.0,4521.0,19.0,Matt LaFleur,Nathaniel Hackett,Mike Pettine,Aaron Rodgers,1.0
924,2018,14,Sun,Packers,Falcons,1.0,0,4.0,281.0,287.0,3299.0,1268.0,4567.0,12.0,2688.0,1534.0,4222.0,12.0,Mike McCarthy,Joe Philbin,Mike Pettine,Aaron Rodgers,1.0
940,2017,14,Sun,Packers,Browns,0.0,0,6.0,258.0,281.0,2368.0,1303.0,3671.0,15.0,2915.0,1343.0,4258.0,20.0,Mike McCarthy,Edgar Bennett,Dom Capers,Brett Hundley,1.0
956,2016,14,Sun,Packers,Seahawks,1.0,0,6.0,295.0,302.0,3134.0,1189.0,4323.0,17.0,3051.0,1115.0,4166.0,12.0,Mike McCarthy,Edgar Bennett,Dom Capers,Aaron Rodgers,1.0
972,2015,14,Sun,Packers,Cowboys,1.0,0,8.0,289.0,238.0,2757.0,1340.0,4097.0,9.0,2940.0,1342.0,4282.0,15.0,Mike McCarthy,Edgar Bennett,Dom Capers,Aaron Rodgers,1.0
988,2014,14,Mon,Packers,Falcons,1.0,0,9.0,380.0,267.0,3228.0,1307.0,4535.0,8.0,2814.0,1588.0,4402.0,23.0,Mike McCarthy,Tom Clements,Dom Capers,Aaron Rodgers,1.0
1004,2013,14,Sun,Packers,Falcons,1.0,0,5.0,294.0,305.0,3231.0,1563.0,4794.0,18.0,3006.0,1511.0,4517.0,14.0,Mike McCarthy,Tom Clements,Dom Capers,Aaron Rodgers,1.0
1020,2012,14,Sun,Packers,Lions,1.0,0,8.0,296.0,259.0,2947.0,1260.0,4207.0,12.0,2806.0,1382.0,4188.0,18.0,Mike McCarthy,Tom Clements,Dom Capers,Aaron Rodgers,1.0
1036,2011,14,Sun,Packers,Raiders,1.0,0,12.0,420.0,262.0,3705.0,1158.0,4863.0,11.0,3513.0,1261.0,4774.0,27.0,Mike McCarthy,Joe Philbin,Dom Capers,Aaron Rodgers,1.0
1052,2010,14,Sun,Packers,Lions,0.0,0,8.0,303.0,182.0,3086.0,1218.0,4304.0,14.0,2462.0,1335.0,3797.0,22.0,Mike McCarthy,Joe Philbin,Dom Capers,Aaron Rodgers,0.0
1084,2019,14,Sun,Saints,49ers,1.0,0,10.0,298.0,248.0,3049.0,1288.0,4337.0,7.0,2819.0,1063.0,3882.0,18.0,Sean Payton,Pete Carmichael,Dennis Allen,Drew Brees,0.0
1100,2018,14,Sun,Saints,Buccaneers,0.0,0,10.0,419.0,269.0,3230.0,1529.0,4759.0,10.0,3352.0,904.0,4256.0,19.0,Sean Payton,Pete Carmichael,Dennis Allen,Drew Brees,1.0
1116,2017,14,Thu,Saints,Falcons,0.0,0,9.0,353.0,243.0,3192.0,1711.0,4903.0,12.0,2607.0,1354.0,3961.0,15.0,Sean Payton,Pete Carmichael,Dennis Allen,Drew Brees,0.0
1132,2016,14,Sun,Saints,Buccaneers,0.0,0,5.0,347.0,335.0,3833.0,1311.0,5144.0,19.0,3322.0,1175.0,4497.0,17.0,Sean Payton,Pete Carmichael,Dennis Allen,Drew Brees,0.0
1148,2015,14,Sun,Saints,Buccaneers,0.0,0,4.0,299.0,380.0,3614.0,1133.0,4747.0,19.0,3448.0,1654.0,5102.0,17.0,Sean Payton,Pete Carmichael,Rob Ryan,Drew Brees,1.0
1164,2014,14,Sun,Saints,Panthers,1.0,0,5.0,323.0,318.0,3647.0,1516.0,5163.0,20.0,3221.0,1465.0,4686.0,13.0,Sean Payton,Pete Carmichael,Rob Ryan,Drew Brees,0.0
1180,2013,14,Sun,Saints,Panthers,1.0,0,9.0,312.0,230.0,3634.0,1119.0,4753.0,14.0,2480.0,1358.0,3838.0,17.0,Sean Payton,Pete Carmichael,Rob Ryan,Drew Brees,1.0
1196,2012,14,Sun,Saints,Giants,0.0,0,5.0,321.0,327.0,3530.0,1107.0,4637.0,19.0,3440.0,1846.0,5286.0,17.0,Aaron Kromer,Pete Carmichael,Steve Spagnuolo,Drew Brees,0.0
1212,2011,14,Sun,Saints,Titans,0.0,0,9.0,393.0,269.0,3904.0,1480.0,5384.0,14.0,3170.0,1375.0,4545.0,12.0,Sean Payton,Pete Carmichael,Gregg Williams,Drew Brees,1.0
1228,2010,14,Sun,Saints,Rams,1.0,0,9.0,299.0,227.0,3491.0,1182.0,4673.0,22.0,2391.0,1294.0,3685.0,18.0,Sean Payton,Pete Carmichael,Gregg Williams,Drew Brees,1.0
1260,2019,14,Mon,Giants,Eagles,0.0,0,2.0,230.0,339.0,2654.0,1146.0,3800.0,28.0,3103.0,1371.0,4474.0,14.0,Pat Shurmur,Mike Shula,James Bettcher,Daniel Jones,0.0
1276,2018,14,Sun,Giants,Washington,0.0,0,4.0,267.0,315.0,3052.0,1150.0,4202.0,13.0,3033.0,1499.0,4532.0,16.0,Pat Shurmur,Mike Shula,James Bettcher,Eli Manning,1.0
1292,2017,14,Sun,Giants,Cowboys,1.0,0,2.0,189.0,291.0,2451.0,1069.0,3520.0,15.0,3122.0,1568.0,4690.0,14.0,Ben McAdoo,Mike Sullivan,Steve Spagnuolo,Eli Manning,0.0
1308,2016,14,Sun,Giants,Cowboys,1.0,0,8.0,245.0,237.0,2999.0,930.0,3929.0,21.0,3184.0,1097.0,4281.0,16.0,Ben McAdoo,Mike Sullivan,Steve Spagnuolo,Eli Manning,1.0
1324,2015,14,Mon,Giants,Dolphins,0.0,0,5.0,307.0,296.0,3195.0,1057.0,4252.0,14.0,3774.0,1305.0,5079.0,24.0,Tom Coughlin,Ben McAdoo,Steve Spagnuolo,Eli Manning,1.0
1340,2014,14,Sun,Giants,Titans,0.0,0,3.0,257.0,319.0,2959.0,1208.0,4167.0,25.0,2933.0,1687.0,4620.0,18.0,Tom Coughlin,Ben McAdoo,Perry Fewell,Eli Manning,1.0
1356,2013,14,Sun,Giants,Chargers,0.0,0,5.0,237.0,297.0,2797.0,1052.0,3849.0,31.0,2769.0,1226.0,3995.0,20.0,Tom Coughlin,Kevin Gilbride,Perry Fewell,Eli Manning,0.0
1372,2012,14,Sun,Giants,Saints,1.0,0,7.0,321.0,243.0,3076.0,1378.0,4454.0,16.0,2942.0,1461.0,4403.0,30.0,Tom Coughlin,Kevin Gilbride,Perry Fewell,Eli Manning,1.0
1388,2011,14,Sun,Giants,Cowboys,0.0,0,6.0,287.0,315.0,3553.0,1005.0,4558.0,19.0,3123.0,1524.0,4647.0,23.0,Tom Coughlin,Kevin Gilbride,Perry Fewell,Eli Manning,1.0
1404,2010,14,Mon,Giants,Vikings,0.0,0,8.0,308.0,247.0,2900.0,1715.0,4615.0,31.0,2314.0,1176.0,3490.0,30.0,Tom Coughlin,Kevin Gilbride,Perry Fewell,Eli Manning,1.0
1436,2019,14,Thu,Bears,Cowboys,1.0,0,6.0,212.0,208.0,2429.0,952.0,3381.0,13.0,2666.0,1170.0,3836.0,16.0,Matt Nagy,Mark Helfrich,Chuck Pagano,Mitchell Trubisky,1.0
1452,2018,14,Sun,Bears,Rams,1.0,0,8.0,344.0,241.0,2834.0,1385.0,4219.0,18.0,2785.0,1030.0,3815.0,30.0,Matt Nagy,Mark Helfrich,Vic Fangio,Mitchell Trubisky,1.0
1468,2017,14,Sun,Bears,Bengals,0.0,0,3.0,191.0,267.0,1923.0,1386.0,3309.0,19.0,2652.0,1346.0,3998.0,16.0,John Fox,Dowell Loggains,Vic Fangio,Mitchell Trubisky,1.0
1484,2016,14,Sun,Bears,Lions,0.0,0,3.0,204.0,270.0,2953.0,1225.0,4178.0,17.0,2644.0,1278.0,3922.0,8.0,John Fox,Dowell Loggains,Vic Fangio,Jay Cutler,0.0
1500,2015,14,Sun,Bears,Washington,1.0,0,5.0,251.0,290.0,2787.0,1388.0,4175.0,15.0,2553.0,1535.0,4088.0,13.0,John Fox,Adam Gase,Vic Fangio,Jay Cutler,0.0
1516,2014,14,Thu,Bears,Cowboys,1.0,0,5.0,253.0,337.0,2963.0,1118.0,4081.0,23.0,3248.0,1267.0,4515.0,19.0,Marc Trestman,Aaron Kromer,Mel Tucker,Jay Cutler,0.0
1532,2013,14,Mon,Bears,Cowboys,1.0,0,6.0,323.0,332.0,3259.0,1318.0,4577.0,16.0,2789.0,1843.0,4632.0,23.0,Marc Trestman,Aaron Kromer,Mel Tucker,Jay Cutler,1.0
1548,2012,14,Sun,Bears,Vikings,0.0,0,8.0,294.0,198.0,2182.0,1473.0,3655.0,20.0,2594.0,1242.0,3836.0,34.0,Lovie Smith,Mike Tice,Rod Marinelli,Jay Cutler,0.0
1564,2011,14,Sun,Bears,Broncos,0.0,0,7.0,291.0,242.0,2477.0,1433.0,3910.0,18.0,3114.0,1198.0,4312.0,25.0,Lovie Smith,Mike Martz,Rod Marinelli,Jay Cutler,0.0
1580,2010,14,Sun,Bears,Patriots,1.0,0,9.0,246.0,192.0,2369.0,1235.0,3604.0,23.0,2585.0,1019.0,3604.0,26.0,Lovie Smith,Mike Martz,Rod Marinelli,Jay Cutler,0.0
1612,2019,14,Sun,Panthers,Falcons,0.0,0,5.0,280.0,320.0,2649.0,1446.0,4095.0,22.0,2750.0,1650.0,4400.0,20.0,Ron Rivera,Norv Turner,Eric Washington,Kyle Allen,0.0
1628,2018,14,Sun,Panthers,Browns,0.0,0,6.0,304.0,306.0,2832.0,1690.0,4522.0,15.0,3081.0,1155.0,4236.0,16.0,Ron Rivera,Norv Turner,Eric Washington,Cam Newton,0.0
1644,2017,14,Sun,Panthers,Vikings,1.0,0,8.0,269.0,238.0,2411.0,1533.0,3944.0,17.0,2508.0,1063.0,3571.0,11.0,Ron Rivera,Mike Shula,Steve Wilks,Cam Newton,1.0
1660,2016,14,Sun,Panthers,Chargers,1.0,0,4.0,283.0,321.0,2859.0,1293.0,4152.0,23.0,3321.0,1114.0,4435.0,17.0,Ron Rivera,Mike Shula,Sean McDermott,Cam Newton,1.0
1676,2015,14,Sun,Panthers,Falcons,1.0,0,12.0,373.0,243.0,2630.0,1703.0,4333.0,15.0,2726.0,1046.0,3772.0,29.0,Ron Rivera,Mike Shula,Sean McDermott,Cam Newton,1.0
1692,2014,14,Sun,Panthers,Saints,0.0,0,3.0,228.0,331.0,2709.0,1239.0,3948.0,20.0,2922.0,1402.0,4324.0,17.0,Ron Rivera,Mike Shula,Sean McDermott,Cam Newton,1.0
1708,2013,14,Sun,Panthers,Saints,0.0,0,9.0,285.0,157.0,2381.0,1552.0,3933.0,16.0,2515.0,963.0,3478.0,26.0,Ron Rivera,Mike Shula,Sean McDermott,Cam Newton,0.0
1724,2012,14,Sun,Panthers,Falcons,1.0,0,3.0,235.0,292.0,2770.0,1353.0,4123.0,18.0,2627.0,1546.0,4173.0,18.0,Ron Rivera,Rob Chudzinski,Sean McDermott,Cam Newton,1.0
1740,2011,14,Sun,Panthers,Falcons,1.0,0,4.0,290.0,324.0,3120.0,1651.0,4771.0,19.0,2766.0,1590.0,4356.0,16.0,Ron Rivera,Rob Chudzinski,Sean McDermott,Cam Newton,0.0
1756,2010,14,Sun,Panthers,Falcons,1.0,0,1.0,154.0,307.0,1888.0,1246.0,3134.0,30.0,2472.0,1597.0,4069.0,23.0,John Fox,Jeff Davidson,Ron Meeks,Jimmy Clausen,0.0
1788,2019,14,Sun,Buccaneers,Colts,1.0,0,5.0,340.0,346.0,3410.0,1155.0,4565.0,28.0,3382.0,915.0,4297.0,21.0,Bruce Arians,Byron Leftwich,Todd Bowles,Jameis Winston,1.0
1804,2018,14,Sun,Buccaneers,Saints,1.0,0,5.0,318.0,355.0,4134.0,1178.0,5312.0,30.0,3293.0,1452.0,4745.0,12.0,Dirk Koetter,Todd Monken,Mike Smith,Jameis Winston,0.0
1820,2017,14,Sun,Buccaneers,Lions,1.0,0,4.0,243.0,288.0,3139.0,1055.0,4194.0,15.0,3208.0,1419.0,4627.0,21.0,Dirk Koetter,Todd Monken,Mike Smith,Jameis Winston,0.0
1836,2016,14,Sun,Buccaneers,Saints,1.0,0,7.0,277.0,285.0,3088.0,1259.0,4347.0,19.0,2999.0,1393.0,4392.0,22.0,Dirk Koetter,Todd Monken,Mike Smith,Jameis Winston,1.0
1852,2015,14,Sun,Buccaneers,Saints,1.0,0,6.0,271.0,298.0,2719.0,1720.0,4439.0,20.0,2922.0,1136.0,4058.0,21.0,Lovie Smith,Dirk Koetter,Leslie Frazier,Jameis Winston,0.0
1868,2014,14,Sun,Buccaneers,Lions,0.0,0,2.0,220.0,314.0,2764.0,999.0,3763.0,25.0,2943.0,1392.0,4335.0,19.0,Lovie Smith,Jeff Tedford,Leslie Frazier,Josh McCown,0.0
1884,2013,14,Sun,Buccaneers,Bills,1.0,0,3.0,217.0,285.0,2269.0,1274.0,3543.0,14.0,2952.0,1281.0,4233.0,24.0,Greg Schiano,Mike Sullivan,Bill Sheridan,Mike Glennon,1.0
1900,2012,14,Sun,Buccaneers,Eagles,1.0,0,6.0,333.0,285.0,2915.0,1410.0,4325.0,12.0,3713.0,988.0,4701.0,23.0,Greg Schiano,Mike Sullivan,Bill Sheridan,Josh Freeman,0.0
1916,2011,14,Sun,Buccaneers,Jaguars,0.0,0,4.0,218.0,329.0,2831.0,1196.0,4027.0,24.0,3026.0,1700.0,4726.0,19.0,Raheem Morris,Greg Olson,Keith Millard,Josh Freeman,0.0
1932,2010,14,Sun,Buccaneers,Washington,0.0,0,7.0,243.0,251.0,2408.0,1430.0,3838.0,15.0,2470.0,1542.0,4012.0,24.0,Raheem Morris,Greg Olson,Raheem Morris,Josh Freeman,1.0
1964,2019,14,Sun,Falcons,Panthers,1.0,0,3.0,260.0,323.0,3542.0,891.0,4433.0,21.0,3114.0,1304.0,4418.0,10.0,Dan Quinn,Dirk Koetter,Dan Quinn,Matt Ryan,1.0
1980,2018,14,Sun,Falcons,Packers,0.0,0,4.0,296.0,333.0,3583.0,948.0,4531.0,13.0,3162.0,1568.0,4730.0,11.0,Dan Quinn,Steve Sarkisian,Marquand Manuel,Matt Ryan,0.0
1996,2017,14,Thu,Falcons,Saints,1.0,0,7.0,274.0,244.0,2995.0,1387.0,4382.0,13.0,2494.0,1358.0,3852.0,10.0,Dan Quinn,Steve Sarkisian,Marquand Manuel,Matt Ryan,1.0
2012,2016,14,Sun,Falcons,Rams,0.0,0,7.0,386.0,331.0,3624.0,1320.0,4944.0,10.0,3370.0,1210.0,4580.0,13.0,Dan Quinn,Kyle Shanahan,Richard Smith,Matt Ryan,1.0
2028,2015,14,Sun,Falcons,Panthers,0.0,0,6.0,279.0,257.0,3335.0,1305.0,4640.0,22.0,2879.0,1231.0,4110.0,20.0,Dan Quinn,Kyle Shanahan,Richard Smith,Matt Ryan,0.0
2044,2014,14,Mon,Falcons,Packers,0.0,0,5.0,291.0,299.0,3322.0,1166.0,4488.0,18.0,3419.0,1419.0,4838.0,24.0,Mike Smith,Dirk Koetter,Mike Nolan,Matt Ryan,0.0
2060,2013,14,Sun,Falcons,Packers,0.0,0,3.0,261.0,340.0,3280.0,973.0,4253.0,21.0,2973.0,1625.0,4598.0,10.0,Mike Smith,Dirk Koetter,Mike Nolan,Matt Ryan,0.0
2076,2012,14,Sun,Falcons,Panthers,0.0,0,11.0,317.0,229.0,3433.0,1095.0,4528.0,17.0,2774.0,1456.0,4230.0,24.0,Mike Smith,Dirk Koetter,Mike Nolan,Matt Ryan,0.0
2092,2011,14,Sun,Falcons,Panthers,0.0,0,7.0,269.0,244.0,2997.0,1365.0,4362.0,18.0,2878.0,1080.0,3958.0,17.0,Mike Smith,Mike Mularkey,Brian VanGorder,Matt Ryan,1.0
2108,2010,14,Sun,Falcons,Panthers,0.0,0,10.0,304.0,233.0,2806.0,1492.0,4298.0,12.0,2956.0,1182.0,4138.0,22.0,Mike Smith,Mike Mularkey,Brian VanGorder,Matt Ryan,1.0
2140,2019,14,Sun,Washington,Packers,0.0,0,3.0,173.0,290.0,1956.0,1193.0,3149.0,17.0,2758.0,1579.0,4337.0,19.0,Jay Gruden,Kevin O'Connell,Greg Manusky,Case Keenum,0.0
2156,2018,14,Sun,Washington,Giants,1.0,0,6.0,233.0,257.0,2482.0,1399.0,3881.0,13.0,3176.0,1233.0,4409.0,22.0,Jay Gruden,Matt Cavanaugh,Greg Manusky,Mark Sanchez,0.0
2172,2017,14,Sun,Washington,Chargers,0.0,0,5.0,272.0,314.0,2993.0,1204.0,4197.0,20.0,2669.0,1412.0,4081.0,16.0,Jay Gruden,Matt Cavanaugh,Greg Manusky,Kirk Cousins,0.0
2188,2016,14,Sun,Washington,Eagles,0.0,0,6.0,303.0,295.0,3709.0,1314.0,5023.0,14.0,3063.0,1372.0,4435.0,14.0,Jay Gruden,Sean McVay,Joe Barry,Kirk Cousins,1.0
2204,2015,14,Sun,Washington,Bears,0.0,0,5.0,257.0,286.0,2870.0,1131.0,4001.0,20.0,2861.0,1490.0,4351.0,20.0,Jay Gruden,Sean McVay,Joe Barry,Kirk Cousins,1.0
2220,2014,14,Sun,Washington,Rams,1.0,0,3.0,244.0,322.0,3126.0,1316.0,4442.0,22.0,2894.0,1234.0,4128.0,15.0,Jay Gruden,Sean McVay,Jim Haslett,Robert Griffin III,0.0
2236,2013,14,Sun,Washington,Chiefs,1.0,0,3.0,269.0,362.0,2829.0,1805.0,4634.0,20.0,3183.0,1306.0,4489.0,18.0,Mike Shanahan,Kyle Shanahan,Jim Haslett,Robert Griffin III,0.0
2252,2012,14,Sun,Washington,Ravens,1.0,0,6.0,312.0,301.0,2598.0,2006.0,4604.0,11.0,3588.0,1098.0,4686.0,22.0,Mike Shanahan,Kyle Shanahan,Jim Haslett,Robert Griffin III,1.0
2268,2011,14,Sun,Washington,Patriots,1.0,0,4.0,202.0,256.0,2800.0,1050.0,3850.0,28.0,2505.0,1398.0,3903.0,15.0,Mike Shanahan,Kyle Shanahan,Jim Haslett,Rex Grossman,0.0
2284,2010,14,Sun,Washington,Buccaneers,1.0,0,5.0,222.0,293.0,2926.0,1072.0,3998.0,22.0,3124.0,1644.0,4768.0,22.0,Mike Shanahan,Kyle Shanahan,Jim Haslett,Donovan McNabb,0.0
2316,2019,14,Sun,Ravens,Bills,0.0,0,10.0,406.0,219.0,2555.0,2494.0,5049.0,11.0,2742.0,1139.0,3881.0,19.0,John Harbaugh,Greg Roman,Don Martindale,Lamar Jackson,1.0
2332,2018,14,Sun,Ravens,Chiefs,0.0,0,7.0,297.0,214.0,2934.0,1550.0,4484.0,15.0,2333.0,1047.0,3380.0,9.0,John Harbaugh,Marty Mornhinweg,Don Martindale,Joe Flacco,0.0
2348,2017,14,Sun,Ravens,Steelers,0.0,0,7.0,280.0,207.0,2076.0,1386.0,3462.0,15.0,2383.0,1352.0,3735.0,29.0,John Harbaugh,Marty Mornhinweg,Dean Pees,Joe Flacco,0.0
2364,2016,14,Mon,Ravens,Patriots,0.0,0,7.0,256.0,207.0,3096.0,1076.0,4172.0,17.0,2667.0,886.0,3553.0,22.0,John Harbaugh,Marc Trestman,Dean Pees,Joe Flacco,0.0
2380,2015,14,Sun,Ravens,Seahawks,1.0,0,4.0,272.0,291.0,3177.0,1177.0,4354.0,21.0,2927.0,1170.0,4097.0,10.0,John Harbaugh,Marc Trestman,Dean Pees,Joe Flacco,0.0
2396,2014,14,Sun,Ravens,Dolphins,0.0,0,7.0,328.0,242.0,2866.0,1581.0,4447.0,15.0,3287.0,1035.0,4322.0,18.0,John Harbaugh,Gary Kubiak,Dean Pees,Joe Flacco,1.0
2412,2013,14,Sun,Ravens,Vikings,1.0,0,6.0,249.0,235.0,2735.0,973.0,3708.0,19.0,2747.0,1201.0,3948.0,16.0,John Harbaugh,Jim Caldwell,Dean Pees,Joe Flacco,1.0
2428,2012,14,Sun,Ravens,Washington,0.0,0,9.0,303.0,242.0,2889.0,1229.0,4118.0,11.0,2958.0,1509.0,4467.0,24.0,John Harbaugh,Cam Cameron,Dean Pees,Joe Flacco,0.0
2444,2011,14,Sun,Ravens,Colts,1.0,0,9.0,296.0,192.0,2762.0,1378.0,4140.0,19.0,2383.0,1065.0,3448.0,23.0,John Harbaugh,Cam Cameron,Chuck Pagano,Joe Flacco,1.0
2460,2010,14,Mon,Ravens,Texans,0.0,0,8.0,260.0,201.0,2799.0,1301.0,4100.0,17.0,2496.0,1173.0,3669.0,15.0,John Harbaugh,Cam Cameron,Greg Mattison,Joe Flacco,1.0
2492,2019,14,Mon,Eagles,Giants,1.0,0,5.0,274.0,284.0,2683.0,1425.0,4108.0,21.0,2900.0,1092.0,3992.0,16.0,Doug Pederson,Mike Groh,Jim Schwartz,Carson Wentz,1.0
2508,2018,14,Sun,Eagles,Cowboys,0.0,0,6.0,258.0,266.0,3090.0,1239.0,4329.0,17.0,3172.0,1244.0,4416.0,9.0,Doug Pederson,Mike Groh,Jim Schwartz,Carson Wentz,0.0
2524,2017,14,Sun,Eagles,Rams,0.0,0,10.0,361.0,215.0,2901.0,1720.0,4621.0,15.0,2701.0,817.0,3518.0,22.0,Doug Pederson,Frank Reich,Jim Schwartz,Carson Wentz,1.0
2540,2016,14,Sun,Eagles,Washington,1.0,0,5.0,268.0,245.0,2738.0,1317.0,4055.0,16.0,2934.0,1211.0,4145.0,18.0,Doug Pederson,Frank Reich,Jim Schwartz,Carson Wentz,0.0
2556,2015,14,Sun,Eagles,Bills,1.0,0,5.0,278.0,302.0,2837.0,1388.0,4225.0,22.0,3105.0,1496.0,4601.0,23.0,Chip Kelly,Pat Shurmur,Bill Davis,Sam Bradford,1.0
2572,2014,14,Sun,Eagles,Seahawks,1.0,0,9.0,375.0,285.0,3432.0,1562.0,4994.0,28.0,3103.0,1292.0,4395.0,22.0,Chip Kelly,Pat Shurmur,Bill Davis,Nick Foles,0.0
2588,2013,14,Sun,Eagles,Lions,1.0,0,7.0,300.0,281.0,3081.0,1762.0,4843.0,15.0,3561.0,1386.0,4947.0,22.0,Chip Kelly,Pat Shurmur,Bill Davis,Nick Foles,1.0
2604,2012,14,Sun,Eagles,Buccaneers,0.0,0,3.0,217.0,320.0,2748.0,1603.0,4351.0,28.0,2803.0,1415.0,4218.0,10.0,Andy Reid,Marty Mornhinweg,Juan Castillo,Michael Vick,1.0
2620,2011,14,Sun,Eagles,Dolphins,0.0,0,4.0,271.0,282.0,3066.0,1885.0,4951.0,29.0,2751.0,1387.0,4138.0,16.0,Andy Reid,Marty Mornhinweg,Juan Castillo,Michael Vick,1.0
2636,2010,14,Sun,Eagles,Cowboys,0.0,0,8.0,344.0,281.0,3080.0,1728.0,4808.0,13.0,2677.0,1236.0,3913.0,28.0,Andy Reid,Marty Mornhinweg,Sean McDermott,Michael Vick,1.0
2668,2019,14,Thu,Cowboys,Bears,0.0,0,6.0,310.0,236.0,3662.0,1531.0,5193.0,16.0,2582.0,1277.0,3859.0,12.0,Jason Garrett,Kellen Moore,Rod Marinelli,Dak Prescott,0.0
2684,2018,14,Sun,Cowboys,Eagles,1.0,0,7.0,247.0,223.0,2404.0,1578.0,3982.0,12.0,2723.0,1095.0,3818.0,14.0,Jason Garrett,Scott Linehan,Rod Marinelli,Dak Prescott,1.0
2700,2017,14,Sun,Cowboys,Giants,0.0,0,6.0,286.0,284.0,2279.0,1665.0,3944.0,16.0,2817.0,1294.0,4111.0,16.0,Jason Garrett,Scott Linehan,Rod Marinelli,Dak Prescott,1.0
2716,2016,14,Sun,Cowboys,Giants,0.0,0,11.0,333.0,228.0,2878.0,1870.0,4748.0,9.0,3315.0,987.0,4302.0,11.0,Jason Garrett,Scott Linehan,Rod Marinelli,Dak Prescott,0.0
2732,2015,14,Sun,Cowboys,Packers,0.0,0,4.0,223.0,277.0,2598.0,1365.0,3963.0,22.0,2668.0,1249.0,3917.0,8.0,Jason Garrett,Scott Linehan,Rod Marinelli,Matt Cassel,0.0
2748,2014,14,Thu,Cowboys,Bears,0.0,0,8.0,302.0,273.0,2783.0,1744.0,4527.0,22.0,2934.0,1435.0,4369.0,19.0,Jason Garrett,Bill Callahan,Rod Marinelli,Tony Romo,1.0
2764,2013,14,Mon,Cowboys,Bears,0.0,0,7.0,329.0,303.0,2920.0,1021.0,3941.0,13.0,3539.0,1520.0,5059.0,25.0,Jason Garrett,Bill Callahan,Monte Kiffin,Tony Romo,0.0
2780,2012,14,Sun,Cowboys,Bengals,0.0,0,6.0,280.0,295.0,3560.0,989.0,4549.0,23.0,2642.0,1398.0,4040.0,13.0,Jason Garrett,Bill Callahan,Rob Ryan,Tony Romo,1.0
2796,2011,14,Sun,Cowboys,Giants,1.0,0,7.0,283.0,244.0,3249.0,1378.0,4627.0,17.0,2762.0,1206.0,3968.0,22.0,Jason Garrett,Jason Garrett,Rob Ryan,Tony Romo,0.0
2812,2010,14,Sun,Cowboys,Eagles,1.0,0,4.0,294.0,336.0,3191.0,1200.0,4391.0,24.0,3049.0,1294.0,4343.0,21.0,Jason Garrett,Jason Garrett,Paul Pasqualoni,Jon Kitna,0.0
2844,2019,14,Sun,Chiefs,Patriots,0.0,0,8.0,348.0,265.0,3482.0,1134.0,4616.0,11.0,2769.0,1696.0,4465.0,19.0,Andy Reid,Eric Bieniemy,Steve Spagnuolo,Patrick Mahomes,1.0
2860,2018,14,Sun,Chiefs,Ravens,1.0,0,10.0,444.0,327.0,3798.0,1448.0,5246.0,14.0,3540.0,1464.0,5004.0,20.0,Andy Reid,Eric Bieniemy,Bob Sutton,Patrick Mahomes,1.0
2876,2017,14,Sun,Chiefs,Raiders,1.0,0,6.0,303.0,274.0,3068.0,1351.0,4419.0,8.0,3033.0,1553.0,4586.0,14.0,Andy Reid,Matt Nagy,Bob Sutton,Alex Smith,1.0
2892,2016,14,Thu,Chiefs,Raiders,1.0,0,9.0,281.0,242.0,2815.0,1185.0,4000.0,11.0,3156.0,1463.0,4619.0,25.0,Andy Reid,Brad Childress,Bob Sutton,Alex Smith,1.0
2908,2015,14,Sun,Chiefs,Chargers,1.0,0,7.0,321.0,240.0,2640.0,1456.0,4096.0,10.0,2896.0,1154.0,4050.0,23.0,Andy Reid,Doug Pederson,Bob Sutton,Alex Smith,1.0
2924,2014,14,Sun,Chiefs,Cardinals,0.0,0,7.0,277.0,224.0,2195.0,1549.0,3744.0,13.0,2362.0,1637.0,3999.0,10.0,Andy Reid,Doug Pederson,Bob Sutton,Alex Smith,0.0
2940,2013,14,Sun,Chiefs,Washington,0.0,0,9.0,298.0,214.0,2559.0,1488.0,4047.0,12.0,2988.0,1407.0,4395.0,26.0,Andy Reid,Doug Pederson,Bob Sutton,Alex Smith,1.0
2956,2012,14,Sun,Chiefs,Browns,0.0,0,2.0,188.0,322.0,2293.0,1760.0,4053.0,32.0,2639.0,1552.0,4191.0,11.0,Romeo Crennel,Brian Daboll,Romeo Crennel,Matt Cassel,0.0
2972,2011,14,Sun,Chiefs,Jets,0.0,0,5.0,163.0,268.0,2150.0,1448.0,3598.0,24.0,2566.0,1564.0,4130.0,21.0,Todd Haley,Bill Muir,Romeo Crennel,Matt Cassel,0.0
2988,2010,14,Sun,Chiefs,Chargers,0.0,0,8.0,295.0,237.0,2384.0,2102.0,4486.0,9.0,2797.0,1222.0,4019.0,16.0,Todd Haley,Charlie Weis,Romeo Crennel,Brodie Croyle,0.0
3020,2019,14,Sun,Lions,Vikings,0.0,0,3.0,280.0,315.0,3260.0,1267.0,4527.0,17.0,3361.0,1416.0,4777.0,16.0,Matt Patricia,Darrell Bevell,Paul Pasqualoni,Matthew Stafford,0.0
3036,2018,14,Sun,Lions,Cardinals,0.0,0,4.0,254.0,316.0,2863.0,1217.0,4080.0,18.0,2817.0,1437.0,4254.0,12.0,Matt Patricia,Jim Bob Cooter,Paul Pasqualoni,Matthew Stafford,1.0
3052,2017,14,Sun,Lions,Buccaneers,0.0,0,6.0,314.0,308.0,3106.0,939.0,4045.0,17.0,2944.0,1379.0,4323.0,19.0,Jim Caldwell,Jim Bob Cooter,Teryl Austin,Matthew Stafford,1.0
3068,2016,14,Sun,Lions,Bears,1.0,0,8.0,275.0,251.0,3073.0,974.0,4047.0,8.0,3079.0,1178.0,4257.0,14.0,Jim Caldwell,Jim Bob Cooter,Teryl Austin,Matthew Stafford,1.0
3084,2015,14,Sun,Lions,Rams,0.0,0,4.0,253.0,315.0,3180.0,920.0,4100.0,22.0,2910.0,1304.0,4214.0,13.0,Jim Caldwell,Joe Lombardi,Teryl Austin,Matthew Stafford,0.0
3100,2014,14,Sun,Lions,Buccaneers,1.0,0,8.0,231.0,207.0,3152.0,980.0,4132.0,15.0,2820.0,791.0,3611.0,19.0,Jim Caldwell,Joe Lombardi,Jim Bob Cooter,Matthew Stafford,1.0
3116,2013,14,Sun,Lions,Eagles,0.0,0,7.0,326.0,287.0,3712.0,1382.0,5094.0,25.0,3147.0,992.0,4139.0,17.0,Jim Schwartz,Scott Linehan,Gunther Cunningham,Matthew Stafford,0.0
3132,2012,14,Sun,Lions,Packers,0.0,0,4.0,300.0,315.0,3750.0,1243.0,4993.0,20.0,2808.0,1433.0,4241.0,15.0,Jim Schwartz,Scott Linehan,Gunther Cunningham,Matthew Stafford,0.0
3148,2011,14,Sun,Lions,Vikings,1.0,0,7.0,333.0,277.0,3376.0,1234.0,4610.0,18.0,2562.0,1500.0,4062.0,23.0,Jim Schwartz,Scott Linehan,Gunther Cunningham,Matthew Stafford,1.0
3164,2010,14,Sun,Lions,Eagles,0.0,0,7.0,326.0,287.0,3712.0,1382.0,5094.0,25.0,3147.0,992.0,4139.0,17.0,Jim Schwartz,Scott Linehan,Gunther Cunningham,Shaun Hill,0.0
3196,2019,14,Sun,Vikings,Lions,1.0,0,8.0,319.0,242.0,2874.0,1645.0,4519.0,15.0,2915.0,1254.0,4169.0,18.0,Mike Zimmer,Kevin Stefanski,George Edwards,Kirk Cousins,1.0
3212,2018,14,Mon,Vikings,Seahawks,0.0,0,6.0,275.0,270.0,3298.0,1033.0,4331.0,18.0,2743.0,1190.0,3933.0,19.0,Mike Zimmer,John DeFilippo,George Edwards,Kirk Cousins,0.0
3228,2017,14,Sun,Vikings,Panthers,0.0,0,10.0,285.0,204.0,2971.0,1474.0,4445.0,10.0,2537.0,932.0,3469.0,14.0,Mike Zimmer,Pat Shurmur,George Edwards,Case Keenum,0.0
3244,2016,14,Sun,Vikings,Jaguars,0.0,0,6.0,233.0,209.0,2693.0,869.0,3562.0,9.0,2399.0,1242.0,3641.0,22.0,Mike Zimmer,Norv Turner,George Edwards,Sam Bradford,1.0
3260,2015,14,Thu,Vikings,Cardinals,0.0,0,8.0,238.0,232.0,2149.0,1641.0,3790.0,12.0,2718.0,1390.0,4108.0,15.0,Mike Zimmer,Norv Turner,George Edwards,Teddy Bridgewater,0.0
3276,2014,14,Sun,Vikings,Jets,1.0,0,5.0,233.0,257.0,2235.0,1374.0,3609.0,14.0,2629.0,1486.0,4115.0,15.0,Mike Zimmer,Norv Turner,George Edwards,Teddy Bridgewater,1.0
3292,2013,14,Sun,Vikings,Ravens,0.0,0,3.0,289.0,366.0,2527.0,1593.0,4120.0,24.0,3444.0,1447.0,4891.0,15.0,Leslie Frazier,Bill Musgrave,Alan Williams,Christian Ponder,0.0
3308,2012,14,Sun,Vikings,Bears,1.0,0,6.0,262.0,272.0,2167.0,1859.0,4026.0,21.0,2757.0,1381.0,4138.0,15.0,Leslie Frazier,Bill Musgrave,Alan Williams,Christian Ponder,1.0
3324,2011,14,Sun,Vikings,Lions,0.0,0,2.0,246.0,330.0,2329.0,1624.0,3953.0,16.0,3026.0,1246.0,4272.0,16.0,Leslie Frazier,Bill Musgrave,Fred Pagac,Christian Ponder,0.0
3340,2010,14,Mon,Vikings,Giants,1.0,0,5.0,227.0,253.0,2522.0,1532.0,4054.0,29.0,2522.0,1104.0,3626.0,18.0,Brad Childress,Darrell Bevell,Leslie Frazier,Tarvaris Jackson,0.0
3372,2019,14,Sun,Bengals,Browns,0.0,0,1.0,179.0,298.0,2676.0,936.0,3612.0,22.0,2969.0,1891.0,4860.0,10.0,Zac Taylor,Brian Callahan,Lou Anarumo,Andy Dalton,0.0
3388,2018,14,Sun,Bengals,Chargers,0.0,0,5.0,286.0,371.0,2838.0,1140.0,3978.0,16.0,3357.0,1840.0,5197.0,15.0,Marvin Lewis,Bill Lazor,Teryl Austin,Andy Dalton,0.0
3404,2017,14,Sun,Bengals,Bears,1.0,0,5.0,219.0,238.0,2408.0,962.0,3370.0,17.0,2524.0,1485.0,4009.0,11.0,Marvin Lewis,Ken Zampese,Paul Guenther,Andy Dalton,0.0
3420,2016,14,Sun,Bengals,Browns,0.0,0,4.0,245.0,259.0,3187.0,1277.0,4464.0,15.0,3012.0,1379.0,4391.0,17.0,Marvin Lewis,Ken Zampese,Paul Guenther,Andy Dalton,1.0
3436,2015,14,Sun,Bengals,Steelers,1.0,0,10.0,334.0,196.0,3095.0,1420.0,4515.0,12.0,2884.0,1166.0,4050.0,20.0,Marvin Lewis,Hue Jackson,Paul Guenther,Andy Dalton,0.0
3452,2014,14,Sun,Bengals,Steelers,1.0,0,8.0,260.0,247.0,2629.0,1494.0,4123.0,18.0,2867.0,1501.0,4368.0,17.0,Marvin Lewis,Hue Jackson,Paul Guenther,Andy Dalton,0.0
3468,2013,14,Sun,Bengals,Colts,1.0,0,8.0,292.0,216.0,3013.0,1351.0,4364.0,24.0,2565.0,1213.0,3778.0,23.0,Marvin Lewis,Jay Gruden,Mike Zimmer,Andy Dalton,1.0
3484,2012,14,Sun,Bengals,Cowboys,1.0,0,7.0,302.0,260.0,2901.0,1381.0,4282.0,20.0,2653.0,1323.0,3976.0,20.0,Marvin Lewis,Jay Gruden,Mike Zimmer,Andy Dalton,0.0
3500,2011,14,Sun,Bengals,Texans,1.0,0,7.0,266.0,250.0,2616.0,1297.0,3913.0,16.0,2524.0,1156.0,3680.0,15.0,Marvin Lewis,Jay Gruden,Mike Zimmer,Andy Dalton,0.0
3516,2010,14,Sun,Bengals,Steelers,0.0,0,2.0,255.0,322.0,2828.0,1108.0,3936.0,25.0,2669.0,1499.0,4168.0,22.0,Marvin Lewis,Bob Bratkowski,Mike Zimmer,Carson Palmer,0.0
3548,2019,14,Sun,Raiders,Titans,1.0,0,6.0,237.0,324.0,2785.0,1472.0,4257.0,15.0,3098.0,1243.0,4341.0,13.0,Jon Gruden,Greg Olson,Paul Guenther,Derek Carr,0.0
3564,2018,14,Sun,Raiders,Steelers,1.0,0,2.0,220.0,367.0,2899.0,1264.0,4163.0,17.0,2920.0,1839.0,4759.0,12.0,Jon Gruden,Greg Olson,Paul Guenther,Derek Carr,1.0
3580,2017,14,Sun,Raiders,Chiefs,0.0,0,6.0,249.0,278.0,2894.0,1120.0,4014.0,17.0,2893.0,1259.0,4152.0,9.0,Jack Del Rio,Todd Downing,Ken Norton,Derek Carr,0.0
3596,2016,14,Thu,Raiders,Chiefs,0.0,0,10.0,345.0,299.0,3325.0,1375.0,4700.0,9.0,3178.0,1498.0,4676.0,21.0,Jack Del Rio,Bill Musgrave,Ken Norton,Derek Carr,0.0
3612,2015,14,Sun,Raiders,Broncos,0.0,0,5.0,284.0,314.0,3196.0,1156.0,4352.0,20.0,3253.0,1280.0,4533.0,18.0,Jack Del Rio,Bill Musgrave,Ken Norton,Derek Carr,1.0
3628,2014,14,Sun,Raiders,49ers,1.0,0,1.0,176.0,337.0,2489.0,870.0,3359.0,26.0,2747.0,1566.0,4313.0,8.0,Dennis Allen,Greg Olson,Jason Tarver,Derek Carr,1.0
3644,2013,14,Sun,Raiders,Jets,0.0,0,4.0,237.0,300.0,2379.0,1597.0,3976.0,20.0,3047.0,1234.0,4281.0,17.0,Dennis Allen,Greg Olson,Jason Tarver,Terrelle Pryor,0.0
3660,2012,14,Thu,Raiders,Broncos,1.0,0,3.0,235.0,376.0,3347.0,994.0,4341.0,21.0,3079.0,1565.0,4644.0,15.0,Dennis Allen,Greg Knapp,Jason Tarver,Carson Palmer,0.0
3676,2011,14,Sun,Raiders,Packers,0.0,0,7.0,274.0,308.0,2723.0,1687.0,4410.0,21.0,2783.0,1697.0,4480.0,21.0,Hue Jackson,Al Saunders,Chuck Bresnahan,Carson Palmer,0.0
3692,2010,14,Sun,Raiders,Jaguars,0.0,0,6.0,283.0,269.0,2274.0,1788.0,4062.0,20.0,2482.0,1492.0,3974.0,18.0,Tom Cable,Hue Jackson,John Marshall,Jason Campbell,0.0
3724,2019,14,Sun,Steelers,Cardinals,0.0,0,7.0,236.0,225.0,2406.0,1090.0,3496.0,19.0,2562.0,1244.0,3806.0,30.0,Mike Tomlin,Randy Fichtner,Keith Butler,Mason Rudolph,1.0
3740,2018,14,Sun,Steelers,Raiders,0.0,0,7.0,346.0,282.0,3848.0,1117.0,4965.0,20.0,2742.0,1205.0,3947.0,12.0,Mike Tomlin,Randy Fichtner,Keith Butler,Ben Roethlisberger,0.0
3756,2017,14,Sun,Steelers,Ravens,1.0,0,10.0,281.0,213.0,3174.0,1237.0,4411.0,17.0,2350.0,1186.0,3536.0,16.0,Mike Tomlin,Todd Haley,Keith Butler,Ben Roethlisberger,1.0
3772,2016,14,Sun,Steelers,Bills,0.0,0,7.0,290.0,236.0,3175.0,1227.0,4402.0,12.0,3076.0,1104.0,4180.0,16.0,Mike Tomlin,Todd Haley,Keith Butler,Ben Roethlisberger,1.0
3788,2015,14,Sun,Steelers,Bengals,0.0,0,7.0,311.0,240.0,3432.0,1477.0,4909.0,19.0,3306.0,1084.0,4390.0,21.0,Mike Tomlin,Todd Haley,Keith Butler,Ben Roethlisberger,1.0
3804,2014,14,Sun,Steelers,Bengals,0.0,0,7.0,320.0,298.0,3591.0,1417.0,5008.0,18.0,2908.0,1267.0,4175.0,14.0,Mike Tomlin,Todd Haley,Dick LeBeau,Ben Roethlisberger,1.0
3820,2013,14,Sun,Steelers,Dolphins,1.0,0,5.0,263.0,278.0,3141.0,922.0,4063.0,18.0,2705.0,1381.0,4086.0,14.0,Mike Tomlin,Todd Haley,Dick LeBeau,Ben Roethlisberger,0.0
3836,2012,14,Sun,Steelers,Chargers,1.0,0,7.0,254.0,230.0,2891.0,1213.0,4104.0,23.0,2000.0,1117.0,3117.0,12.0,Mike Tomlin,Todd Haley,Dick LeBeau,Ben Roethlisberger,0.0
3852,2011,14,Thu,Steelers,Browns,1.0,0,9.0,268.0,195.0,3073.0,1342.0,4415.0,18.0,2122.0,1163.0,3285.0,12.0,Mike Tomlin,Bruce Arians,Dick LeBeau,Ben Roethlisberger,1.0
3868,2010,14,Sun,Steelers,Bengals,1.0,0,9.0,267.0,191.0,2527.0,1440.0,3967.0,16.0,2872.0,747.0,3619.0,27.0,Mike Tomlin,Bruce Arians,Dick LeBeau,Ben Roethlisberger,1.0
3900,2019,14,Sun,Browns,Bengals,1.0,0,5.0,246.0,272.0,2703.0,1472.0,4175.0,20.0,2559.0,1488.0,4047.0,16.0,Freddie Kitchens,Todd Monken,Steve Wilks,Baker Mayfield,1.0
3916,2018,14,Sun,Browns,Panthers,1.0,0,4.0,266.0,312.0,2877.0,1447.0,4324.0,17.0,3316.0,1637.0,4953.0,27.0,Hue Jackson,Todd Haley,Gregg Williams,Baker Mayfield,1.0
3932,2017,14,Sun,Browns,Packers,1.0,0,0.0,176.0,308.0,2433.0,1270.0,3703.0,30.0,2764.0,1163.0,3927.0,11.0,Hue Jackson,Hue Jackson,Gregg Williams,DeShone Kizer,0.0
3948,2016,14,Sun,Browns,Bengals,1.0,1,0.0,197.0,352.0,2684.0,1081.0,3765.0,20.0,3113.0,1687.0,4800.0,11.0,Hue Jackson,Hue Jackson,Ray Horton,Cody Kessler,0.0
3964,2015,14,Sun,Browns,49ers,1.0,0,2.0,216.0,347.0,3082.0,887.0,3969.0,22.0,3150.0,1636.0,4786.0,17.0,Mike Pettine,John DeFilippo,Jim O'Neil,Josh McCown,1.0
3980,2014,14,Sun,Browns,Colts,1.0,0,7.0,252.0,245.0,2984.0,1367.0,4351.0,16.0,2735.0,1590.0,4325.0,22.0,Mike Pettine,Kyle Shanahan,Jim O'Neil,Brian Hoyer,0.0
3996,2013,14,Sun,Browns,Patriots,0.0,0,4.0,231.0,297.0,2999.0,988.0,3987.0,23.0,2494.0,1187.0,3681.0,14.0,Rob Chudzinski,Norv Turner,Ray Horton,Jason Campbell,0.0
4012,2012,14,Sun,Browns,Chiefs,1.0,0,4.0,229.0,265.0,2680.0,1152.0,3832.0,19.0,3025.0,1387.0,4412.0,26.0,Pat Shurmur,Brad Childress,Dick Jauron,Brandon Weeden,1.0
4028,2011,14,Thu,Browns,Steelers,0.0,0,4.0,175.0,240.0,2364.0,1124.0,3488.0,14.0,2080.0,1815.0,3895.0,13.0,Pat Shurmur,Pat Shurmur,Dick Jauron,Colt McCoy,0.0
4044,2010,14,Sun,Browns,Bills,0.0,0,5.0,229.0,239.0,2328.0,1337.0,3665.0,19.0,2776.0,1429.0,4205.0,26.0,Eric Mangini,Brian Daboll,Rob Ryan,Jake Delhomme,0.0
4076,2019,14,Sun,Broncos,Texans,0.0,0,4.0,198.0,237.0,2249.0,1300.0,3549.0,13.0,2527.0,1364.0,3891.0,12.0,Vic Fangio,Rich Scangarello,Ed Donatell,Joe Flacco,1.0
4092,2018,14,Sun,Broncos,49ers,0.0,0,6.0,276.0,262.0,2798.0,1590.0,4388.0,13.0,3130.0,1465.0,4595.0,21.0,Vance Joseph,Bill Musgrave,Joe Woods,Case Keenum,0.0
4108,2017,14,Sun,Broncos,Jets,1.0,0,3.0,206.0,315.0,2496.0,1288.0,3784.0,27.0,2443.0,1104.0,3547.0,11.0,Vance Joseph,Mike McCoy,Joe Woods,Trevor Siemian,1.0
4124,2016,14,Sun,Broncos,Titans,0.0,0,8.0,286.0,229.0,2715.0,1202.0,3917.0,16.0,2312.0,1474.0,3786.0,23.0,Gary Kubiak,Rick Dennison,Wade Phillips,Trevor Siemian,0.0
4140,2015,14,Sun,Broncos,Raiders,1.0,0,10.0,269.0,210.0,2843.0,1257.0,4100.0,21.0,2347.0,1069.0,3416.0,23.0,Gary Kubiak,Rick Dennison,Wade Phillips,Peyton Manning,0.0
4156,2014,14,Sun,Broncos,Bills,1.0,0,9.0,361.0,276.0,3653.0,1314.0,4967.0,12.0,2756.0,872.0,3628.0,16.0,John Fox,Adam Gase,Jack Del Rio,Peyton Manning,1.0
4172,2013,14,Sun,Broncos,Titans,1.0,0,10.0,464.0,317.0,4039.0,1463.0,5502.0,25.0,3408.0,1202.0,4610.0,21.0,John Fox,Adam Gase,Jack Del Rio,Peyton Manning,1.0
4188,2012,14,Thu,Broncos,Raiders,0.0,0,9.0,349.0,244.0,3404.0,1239.0,4643.0,22.0,2541.0,1157.0,3698.0,19.0,John Fox,Mike McCoy,Jack Del Rio,Peyton Manning,1.0
4204,2011,14,Sun,Broncos,Bears,1.0,0,7.0,256.0,292.0,1870.0,1907.0,3777.0,19.0,2942.0,1455.0,4397.0,16.0,John Fox,Mike McCoy,Dennis Allen,Tim Tebow,1.0
4220,2010,14,Sun,Broncos,Cardinals,0.0,0,3.0,256.0,333.0,3257.0,1034.0,4291.0,17.0,2803.0,1743.0,4546.0,12.0,Josh McDaniels,Mike McCoy,Don Martindale,Kyle Orton,0.0
4252,2019,14,Sun,Colts,Buccaneers,0.0,0,6.0,261.0,257.0,2457.0,1668.0,4125.0,18.0,2723.0,1221.0,3944.0,15.0,Frank Reich,Nick Sirianni,Matt Eberflus,Jacoby Brissett,0.0
4268,2018,14,Sun,Colts,Texans,0.0,0,6.0,325.0,279.0,3252.0,1283.0,4535.0,19.0,2925.0,1253.0,4178.0,21.0,Frank Reich,Nick Sirianni,Matt Eberflus,Andrew Luck,1.0
4284,2017,14,Sun,Colts,Bills,0.0,0,3.0,205.0,330.0,2363.0,1189.0,3552.0,15.0,3259.0,1301.0,4560.0,16.0,Chuck Pagano,Rob Chudzinski,Ted Monachino,Jacoby Brissett,0.0
4300,2016,14,Sun,Colts,Texans,1.0,0,6.0,311.0,311.0,3109.0,1188.0,4297.0,14.0,3280.0,1315.0,4595.0,11.0,Chuck Pagano,Rob Chudzinski,Ted Monachino,Andrew Luck,0.0
4316,2015,14,Sun,Colts,Jaguars,0.0,0,6.0,259.0,305.0,2969.0,1066.0,4035.0,25.0,3365.0,1424.0,4789.0,19.0,Chuck Pagano,Pep Hamilton,Greg Manusky,Matt Hasselbeck,0.0
4332,2014,14,Sun,Colts,Browns,0.0,0,8.0,382.0,283.0,3915.0,1344.0,5259.0,22.0,3084.0,1293.0,4377.0,20.0,Chuck Pagano,Pep Hamilton,Greg Manusky,Andrew Luck,1.0
4348,2013,14,Sun,Colts,Bengals,0.0,0,8.0,285.0,274.0,2689.0,1313.0,4002.0,13.0,2864.0,1543.0,4407.0,19.0,Chuck Pagano,Pep Hamilton,Greg Manusky,Andrew Luck,0.0
4364,2012,14,Sun,Colts,Titans,1.0,0,8.0,265.0,306.0,3427.0,1278.0,4705.0,24.0,2885.0,1471.0,4356.0,8.0,Chuck Pagano,Bruce Arians,Greg Manusky,Andrew Luck,1.0
4380,2011,14,Sun,Colts,Ravens,0.0,0,0.0,174.0,358.0,2329.0,1188.0,3517.0,23.0,2915.0,1730.0,4645.0,10.0,Jim Caldwell,Clyde Christensen,Larry Coyer,Curtis Painter,0.0
4396,2010,14,Thu,Colts,Titans,0.0,0,6.0,317.0,290.0,3640.0,949.0,4589.0,22.0,2400.0,1713.0,4113.0,16.0,Jim Caldwell,Clyde Christensen,Larry Coyer,Peyton Manning,1.0
4428,2019,14,Sun,Texans,Broncos,1.0,0,8.0,293.0,271.0,2916.0,1558.0,4474.0,14.0,3155.0,1333.0,4488.0,15.0,Bill O'Brien,Tim Kelly,Romeo Crennel,Deshaun Watson,0.0
4444,2018,14,Sun,Texans,Colts,1.0,0,9.0,302.0,235.0,2799.0,1689.0,4488.0,14.0,3002.0,1096.0,4098.0,22.0,Bill O'Brien,Bill O'Brien,Romeo Crennel,Deshaun Watson,0.0
4460,2017,14,Sun,Texans,49ers,1.0,0,4.0,296.0,309.0,2783.0,1404.0,4187.0,23.0,2829.0,1257.0,4086.0,15.0,Bill O'Brien,Bill O'Brien,Mike Vrabel,Tom Savage,0.0
4476,2016,14,Sun,Texans,Colts,0.0,0,6.0,207.0,257.0,2339.0,1454.0,3793.0,20.0,2501.0,1292.0,3793.0,11.0,Bill O'Brien,George Godsey,Romeo Crennel,Brock Osweiler,1.0
4492,2015,14,Sun,Texans,Patriots,1.0,0,6.0,253.0,264.0,3137.0,1201.0,4338.0,15.0,2619.0,1369.0,3988.0,14.0,Bill O'Brien,George Godsey,Romeo Crennel,Brian Hoyer,0.0
4508,2014,14,Sun,Texans,Jaguars,0.0,0,6.0,287.0,247.0,2640.0,1609.0,4249.0,17.0,3244.0,1343.0,4587.0,28.0,Bill O'Brien,Bill O'Brien,Romeo Crennel,Ryan Fitzpatrick,1.0
4524,2013,14,Thu,Texans,Jaguars,0.0,0,2.0,230.0,323.0,2982.0,1401.0,4383.0,21.0,2255.0,1392.0,3647.0,9.0,Gary Kubiak,Rick Dennison,Wade Phillips,Matt Schaub,0.0
4540,2012,14,Mon,Texans,Patriots,0.0,0,11.0,351.0,221.0,2965.0,1709.0,4674.0,12.0,2820.0,1051.0,3871.0,26.0,Gary Kubiak,Rick Dennison,Wade Phillips,Matt Schaub,0.0
4556,2011,14,Sun,Texans,Bengals,0.0,0,9.0,310.0,189.0,2683.0,1831.0,4514.0,11.0,2201.0,1088.0,3289.0,23.0,Gary Kubiak,Rick Dennison,Wade Phillips,Matt Schaub,1.0
4572,2010,14,Mon,Texans,Ravens,1.0,0,5.0,288.0,321.0,2910.0,1566.0,4476.0,14.0,3449.0,1217.0,4666.0,14.0,Gary Kubiak,Rick Dennison,Frank Bush,Matt Schaub,0.0
4604,2019,14,Sun,Jets,Dolphins,1.0,0,4.0,204.0,280.0,2283.0,871.0,3154.0,20.0,2906.0,903.0,3809.0,15.0,Adam Gase,Dowell Loggains,Gregg Williams,Sam Darnold,1.0
4620,2018,14,Sun,Jets,Bills,0.0,0,3.0,243.0,307.0,2309.0,1303.0,3612.0,24.0,2977.0,1540.0,4517.0,16.0,Todd Bowles,Jeremy Bates,Kacy Rodgers,Sam Darnold,1.0
4636,2017,14,Sun,Jets,Broncos,0.0,0,5.0,266.0,288.0,2666.0,1282.0,3948.0,17.0,2806.0,1436.0,4242.0,17.0,Todd Bowles,John Morton,Kacy Rodgers,Josh McCown,0.0
4652,2016,14,Sun,Jets,49ers,0.0,0,3.0,206.0,307.0,2676.0,1260.0,3936.0,25.0,3173.0,1084.0,4257.0,10.0,Todd Bowles,Chan Gailey,Kacy Rodgers,Ryan Fitzpatrick,1.0
4668,2015,14,Sun,Jets,Titans,1.0,0,7.0,295.0,248.0,3039.0,1347.0,4386.0,19.0,2916.0,1002.0,3918.0,23.0,Todd Bowles,Chan Gailey,Kacy Rodgers,Ryan Fitzpatrick,1.0
4684,2014,14,Sun,Jets,Vikings,0.0,0,2.0,190.0,319.0,1960.0,1778.0,3738.0,20.0,2842.0,1022.0,3864.0,8.0,Rex Ryan,Marty Mornhinweg,Dennis Thurman,Geno Smith,0.0
4700,2013,14,Sun,Jets,Raiders,1.0,0,5.0,189.0,310.0,2149.0,1496.0,3645.0,27.0,3081.0,924.0,4005.0,9.0,Rex Ryan,Marty Mornhinweg,Dennis Thurman,Geno Smith,1.0
4716,2012,14,Sun,Jets,Jaguars,0.0,0,5.0,228.0,296.0,2325.0,1382.0,3707.0,26.0,2380.0,1652.0,4032.0,20.0,Rex Ryan,Tony Sparano,Mike Pettine,Mark Sanchez,1.0
4732,2011,14,Sun,Jets,Chiefs,1.0,0,7.0,290.0,260.0,2524.0,1205.0,3729.0,23.0,2455.0,1355.0,3810.0,23.0,Rex Ryan,Brian Schottenheimer,Mike Pettine,Mark Sanchez,1.0
4748,2010,14,Sun,Jets,Dolphins,1.0,0,9.0,267.0,232.0,2498.0,1781.0,4279.0,16.0,2621.0,1050.0,3671.0,20.0,Rex Ryan,Brian Schottenheimer,Mike Pettine,Mark Sanchez,0.0
4780,2019,14,Sun,Jaguars,Chargers,1.0,0,4.0,220.0,292.0,2952.0,1361.0,4313.0,18.0,2686.0,1639.0,4325.0,15.0,Doug Marrone,John DeFilippo,Todd Wash,Gardner Minshew,0.0
4796,2018,14,Thu,Jaguars,Titans,0.0,0,4.0,203.0,243.0,2687.0,1335.0,4022.0,23.0,2486.0,1301.0,3787.0,13.0,Doug Marrone,Nathaniel Hackett,Todd Wash,Blake Bortles,0.0
4812,2017,14,Sun,Jaguars,Seahawks,1.0,0,8.0,299.0,178.0,2473.0,1793.0,4266.0,15.0,2005.0,1385.0,3390.0,27.0,Doug Marrone,Nathaniel Hackett,Todd Wash,Blake Bortles,1.0
4828,2016,14,Sun,Jaguars,Vikings,1.0,0,2.0,224.0,313.0,2796.0,1213.0,4009.0,25.0,2349.0,1387.0,3736.0,7.0,Gus Bradley,Greg Olson,Todd Wash,Blake Bortles,0.0
4844,2015,14,Sun,Jaguars,Colts,1.0,0,4.0,275.0,341.0,3067.0,1137.0,4204.0,19.0,3175.0,1236.0,4411.0,14.0,Gus Bradley,Greg Olson,Bob Babich,Blake Bortles,1.0
4860,2014,14,Sun,Jaguars,Texans,1.0,0,2.0,186.0,329.0,2424.0,1179.0,3603.0,24.0,3046.0,1553.0,4599.0,17.0,Gus Bradley,Jedd Fisch,Bob Babich,Blake Bortles,0.0
4876,2013,14,Thu,Jaguars,Texans,1.0,0,3.0,174.0,352.0,2580.0,847.0,3427.0,20.0,3008.0,1565.0,4573.0,16.0,Gus Bradley,Jedd Fisch,Bob Babich,Chad Henne,1.0
4892,2012,14,Sun,Jaguars,Jets,1.0,0,2.0,206.0,342.0,2442.0,945.0,3387.0,18.0,3131.0,1728.0,4859.0,18.0,Mike Mularkey,Bob Bratkowski,Mel Tucker,Blaine Gabbert,0.0
4908,2011,14,Sun,Jaguars,Buccaneers,1.0,0,3.0,152.0,238.0,1621.0,1435.0,3056.0,15.0,2311.0,1339.0,3650.0,15.0,Jack Del Rio,Dirk Koetter,Mel Tucker,Blaine Gabbert,1.0
4924,2010,14,Sun,Jaguars,Raiders,1.0,0,7.0,257.0,300.0,2243.0,1818.0,4061.0,26.0,3035.0,1314.0,4349.0,15.0,Jack Del Rio,Dirk Koetter,Mel Tucker,David Garrard,1.0
4956,2019,14,Sun,Dolphins,Jets,0.0,0,3.0,200.0,377.0,2570.0,753.0,3323.0,23.0,3074.0,1722.0,4796.0,9.0,Brian Flores,Chad O'Shea,Patrick Graham,Ryan Fitzpatrick,0.0
4972,2018,14,Sun,Dolphins,Patriots,1.0,0,6.0,244.0,300.0,2393.0,1232.0,3625.0,17.0,3057.0,1736.0,4793.0,25.0,Adam Gase,Dowell Loggains,Matt Burke,Ryan Tannehill,1.0
4988,2017,14,Mon,Dolphins,Patriots,1.0,0,5.0,209.0,298.0,2495.0,1016.0,3511.0,23.0,2681.0,1398.0,4079.0,13.0,Adam Gase,Clyde Christensen,Matt Burke,Jay Cutler,1.0
5004,2016,14,Sun,Dolphins,Cardinals,1.0,0,7.0,255.0,278.0,2595.0,1338.0,3933.0,16.0,2913.0,1564.0,4477.0,17.0,Adam Gase,Clyde Christensen,Vance Joseph,Ryan Tannehill,1.0
5020,2015,14,Mon,Dolphins,Giants,1.0,0,5.0,240.0,300.0,2768.0,1146.0,3914.0,16.0,3067.0,1617.0,4684.0,13.0,Joe Philbin,Bill Lazor,Kevin Coyle,Ryan Tannehill,0.0
5036,2014,14,Sun,Dolphins,Ravens,1.0,0,7.0,301.0,232.0,2644.0,1444.0,4088.0,18.0,2378.0,1423.0,3801.0,21.0,Joe Philbin,Bill Lazor,Kevin Coyle,Ryan Tannehill,0.0
5052,2013,14,Sun,Dolphins,Steelers,0.0,0,6.0,252.0,248.0,2799.0,1064.0,3863.0,19.0,2660.0,1461.0,4121.0,21.0,Joe Philbin,Mike Sherman,Kevin Coyle,Ryan Tannehill,1.0
5068,2012,14,Sun,Dolphins,49ers,0.0,0,5.0,227.0,249.0,2512.0,1299.0,3811.0,22.0,3092.0,1172.0,4264.0,12.0,Joe Philbin,Mike Sherman,Kevin Coyle,Ryan Tannehill,0.0
5084,2011,14,Sun,Dolphins,Eagles,1.0,0,4.0,246.0,220.0,2421.0,1421.0,3842.0,15.0,2987.0,1118.0,4105.0,11.0,Tony Sparano,Brian Daboll,Mike Nolan,Chad Henne,0.0
5100,2010,14,Sun,Dolphins,Jets,0.0,0,6.0,215.0,238.0,2759.0,1279.0,4038.0,21.0,2415.0,1195.0,3610.0,15.0,Tony Sparano,Dan Henning,Mike Nolan,Chad Henne,1.0
5132,2019,14,Sun,Patriots,Chiefs,1.0,0,10.0,322.0,145.0,3173.0,1156.0,4329.0,11.0,1962.0,1134.0,3096.0,29.0,Bill Belichick,Josh McDaniels,Bill Belichick,Tom Brady,0.0
5148,2018,14,Sun,Patriots,Dolphins,0.0,0,9.0,331.0,259.0,3281.0,1460.0,4741.0,14.0,3150.0,1280.0,4430.0,20.0,Bill Belichick,Josh McDaniels,Bill Belichick,Tom Brady,0.0
5164,2017,14,Mon,Patriots,Dolphins,0.0,0,10.0,348.0,223.0,3511.0,1447.0,4958.0,8.0,3059.0,1449.0,4508.0,17.0,Bill Belichick,Josh McDaniels,Matt Patricia,Tom Brady,0.0
5180,2016,14,Mon,Patriots,Ravens,1.0,0,10.0,319.0,207.0,3243.0,1407.0,4650.0,8.0,2916.0,1131.0,4047.0,13.0,Bill Belichick,Josh McDaniels,Matt Patricia,Tom Brady,1.0
5196,2015,14,Sun,Patriots,Texans,0.0,0,10.0,375.0,247.0,3790.0,1062.0,4852.0,11.0,2923.0,1195.0,4118.0,16.0,Bill Belichick,Josh McDaniels,Matt Patricia,Tom Brady,1.0
5212,2014,14,Sun,Patriots,Chargers,0.0,0,9.0,378.0,253.0,3234.0,1331.0,4565.0,9.0,3011.0,1320.0,4331.0,20.0,Bill Belichick,Josh McDaniels,Matt Patricia,Tom Brady,1.0
5228,2013,14,Sun,Patriots,Browns,1.0,0,9.0,322.0,261.0,3060.0,1473.0,4533.0,16.0,2688.0,1658.0,4346.0,24.0,Bill Belichick,Josh McDaniels,Matt Patricia,Tom Brady,1.0
5244,2012,14,Mon,Patriots,Texans,1.0,0,9.0,430.0,260.0,3426.0,1689.0,5115.0,9.0,3359.0,1210.0,4569.0,33.0,Bill Belichick,Josh McDaniels,Matt Patricia,Tom Brady,1.0
5260,2011,14,Sun,Patriots,Washington,0.0,0,9.0,362.0,247.0,3799.0,1287.0,5086.0,15.0,3720.0,1225.0,4945.0,23.0,Bill Belichick,Bill O'Brien,Bill Belichick,Tom Brady,1.0
5276,2010,14,Sun,Patriots,Bears,0.0,0,10.0,379.0,269.0,2908.0,1338.0,4246.0,9.0,3322.0,1369.0,4691.0,23.0,Bill Belichick,Bill Belichick,Bill Belichick,Tom Brady,1.0
5308,2019,14,Sun,Bills,Ravens,1.0,0,9.0,257.0,188.0,2581.0,1655.0,4236.0,13.0,2350.0,1251.0,3601.0,15.0,Sean McDermott,Brian Daboll,Leslie Frazier,Josh Allen,0.0
5324,2018,14,Sun,Bills,Jets,1.0,0,4.0,178.0,293.0,1975.0,1453.0,3428.0,25.0,2246.0,1284.0,3530.0,18.0,Sean McDermott,Brian Daboll,Leslie Frazier,Josh Allen,0.0
5340,2017,14,Sun,Bills,Colts,1.0,0,6.0,227.0,283.0,2093.0,1464.0,3557.0,14.0,2894.0,1445.0,4339.0,20.0,Sean McDermott,Rick Dennison,Leslie Frazier,Nathan Peterman,1.0
5356,2016,14,Sun,Bills,Steelers,1.0,0,6.0,305.0,274.0,2178.0,1943.0,4121.0,8.0,2765.0,1395.0,4160.0,14.0,Rex Ryan,Greg Roman,Dennis Thurman,Tyrod Taylor,0.0
5372,2015,14,Sun,Bills,Eagles,0.0,0,6.0,296.0,278.0,2517.0,1691.0,4208.0,14.0,3068.0,1248.0,4316.0,18.0,Rex Ryan,Greg Roman,Dennis Thurman,Tyrod Taylor,0.0
5388,2014,14,Sun,Bills,Broncos,0.0,0,7.0,264.0,217.0,2661.0,1178.0,3839.0,16.0,2593.0,1156.0,3749.0,25.0,Doug Marrone,Nathaniel Hackett,Jim Schwartz,Kyle Orton,0.0
5404,2013,14,Sun,Bills,Buccaneers,0.0,0,4.0,267.0,307.0,2377.0,1670.0,4047.0,19.0,2791.0,1458.0,4249.0,21.0,Doug Marrone,Nathaniel Hackett,Mike Pettine,EJ Manuel,0.0
5420,2012,14,Sun,Bills,Rams,1.0,0,5.0,277.0,337.0,2382.0,1775.0,4157.0,24.0,2752.0,1670.0,4422.0,18.0,Chan Gailey,Curtis Modkins,Dave Wannstedt,Ryan Fitzpatrick,0.0
5436,2011,14,Sun,Bills,Chargers,0.0,0,5.0,278.0,304.0,2740.0,1446.0,4186.0,20.0,2810.0,1549.0,4359.0,22.0,Chan Gailey,Curtis Modkins,George Edwards,Ryan Fitzpatrick,0.0
5452,2010,14,Sun,Bills,Browns,1.0,0,2.0,243.0,333.0,2447.0,1295.0,3742.0,24.0,2486.0,2051.0,4537.0,16.0,Chan Gailey,Curtis Modkins,George Edwards,Ryan Fitzpatrick,1.0
5484,2019,14,Sun,Titans,Raiders,0.0,0,7.0,276.0,234.0,2452.0,1505.0,3957.0,14.0,3121.0,1224.0,4345.0,19.0,Mike Vrabel,Arthur Smith,Dean Pees,Ryan Tannehill,1.0
5500,2018,14,Thu,Titans,Jaguars,1.0,0,6.0,221.0,245.0,2370.0,1356.0,3726.0,14.0,2654.0,1437.0,4091.0,10.0,Mike Vrabel,Matt LaFleur,Dean Pees,Marcus Mariota,1.0
5516,2017,14,Sun,Titans,Cardinals,0.0,0,8.0,266.0,282.0,2429.0,1465.0,3894.0,20.0,2908.0,1034.0,3942.0,16.0,Mike Mularkey,Terry Robiskie,Dick LeBeau,Marcus Mariota,0.0
5532,2016,14,Sun,Titans,Broncos,1.0,1,6.0,308.0,296.0,2889.0,1698.0,4587.0,13.0,3244.0,1108.0,4352.0,13.0,Mike Mularkey,Terry Robiskie,Dick LeBeau,Marcus Mariota,1.0
5548,2015,14,Sun,Titans,Jets,0.0,0,3.0,245.0,296.0,2691.0,1235.0,3926.0,24.0,2800.0,1266.0,4066.0,16.0,Ken Whisenhunt,Jason Michael,Ray Horton,Marcus Mariota,0.0
5564,2014,14,Sun,Titans,Giants,1.0,0,2.0,213.0,338.0,2701.0,1060.0,3761.0,21.0,2925.0,1698.0,4623.0,15.0,Ken Whisenhunt,Jason Michael,Ray Horton,Zach Mettenberger,0.0
5580,2013,14,Sun,Titans,Broncos,0.0,0,5.0,264.0,267.0,2620.0,1399.0,4019.0,18.0,2551.0,1368.0,3919.0,20.0,Mike Munchak,Dowell Loggains,Jerry Gray,Ryan Fitzpatrick,0.0
5596,2012,14,Sun,Titans,Colts,0.0,0,4.0,248.0,359.0,2694.0,1265.0,3959.0,24.0,3090.0,1552.0,4642.0,14.0,Mike Munchak,Chris Palmer,Jerry Gray,Jake Locker,0.0
5612,2011,14,Sun,Titans,Saints,1.0,0,7.0,249.0,229.0,2670.0,1162.0,3832.0,15.0,2802.0,1469.0,4271.0,20.0,Mike Munchak,Chris Palmer,Jerry Gray,Matt Hasselbeck,0.0
5628,2010,14,Thu,Titans,Colts,1.0,0,5.0,263.0,235.0,2148.0,1351.0,3499.0,23.0,2864.0,1481.0,4345.0,21.0,Jeff Fisher,Mike Heimerdinger,Chuck Cecil,Vince Young,0.0
